Unnamed: 0,Unnamed: 1,Unnamed: 2,Unnamed: 3,Unnamed: 4,Unnamed: 5,Unnamed: 6,Unnamed: 7,Unnamed: 8,Unnamed: 9,Unnamed: 10,Unnamed: 11,Unnamed: 12,Unnamed: 13,Unnamed: 14,Unnamed: 15,Unnamed: 16
,,,,,,,,,,,0,29084411.87,,0,,
Type,Area Name,License #,Well UWI/ Facility Surface Location,Status,Formation,Licensee,Company WI%,Unit Name,Offer Op,Offer N-O,Deemed Assets,Deemed Liability,Cascade,Other Offers,,
Facility,-,F11114, 00/10-16-049-23W4,-,-,AlphaBow,-,-,x,-,0,228600,x,,, 
Facility,-,F12029, 00/11-12-052-14W4,-,-,AlphaBow,-,-,x,-,0,0,x,,, 
Facility,-,F12356, 00/13-12-053-01W6,-,-,AlphaBow,-,-,x,-,0,295625,x,,, 
Facility,-,F12357, 00/09-21-053-01W6,-,-,AlphaBow,-,-,x,-,0,295625,x,,, 
Facility,-,F13811, 00/09-28-062-14W4,-,-,AlphaBow,-,-,x,-,0,119375,x,,, 
Facility,-,F13948, 00/16-05-063-13W4,-,-,AlphaBow,-,-,x,-,0,119375,x,,,
Facility,-,F156, 00/04-01-006-19W4,-,-,AlphaBow,-,-,x,-,0,211250,x,,,
Facility,-,F157, 00/10-35-006-19W4,-,-,AlphaBow,-,-,x,-,0,211250,x,,,
Facility,-,F20857, 00/03-04-036-23W4,-,-,AlphaBow,-,-,x,-,0,221250,x,,,
Facility,-,F21308, 00/06-36-049-14W4,-,-,AlphaBow,-,-,x,-,0,221250,x,,,
Facility,-,F215, 00/16-23-007-21W4,-,-,AlphaBow,-,-,x,-,0,211250,x,,,
Facility,-,F21897, 00/04-25-051-15W4,-,-,AlphaBow,-,-,x,-,0,221250,x,,,
Facility,-,F21898, 00/06-13-052-14W4,-,-,AlphaBow,-,-,x,-,0,0,x,,,
Facility,-,F21899, 00/12-36-049-13W4,-,-,AlphaBow,-,-,x,-,0,0,x,,,
Facility,-,F22265, 00/10-26-026-11W4,-,-,AlphaBow,-,-,x,-,0,576011,x,,,
Facility,-,F22561, 00/05-23-039-14W4,-,-,AlphaBow,-,-,x,-,0,0,x,,,
Facility,-,F25024, 00/15-27-063-14W4,-,-,AlphaBow,-,-,x,-,0,119375,x,,,
Facility,-,F25086, 00/03-03-030-11W4,-,-,AlphaBow,-,-,x,-,0,335000,x,,,
Facility,-,F25366, 00/15-06-041-11W4,-,-,AlphaBow,-,-,x,-,0,88500,x,,,
Facility,-,F25868, 00/11-23-040-10W4,-,-,AlphaBow,-,-,x,-,0,88500,x,,,
Facility,-,F26022, 00/10-08-036-07W4,-,-,AlphaBow,-,-,x,-,0,0,x,,,
Facility,-,F26129, 00/06-19-034-10W4,-,-,AlphaBow,-,-,x,-,0,82500,x,,,
Facility,-,F26401, 00/06-32-040-11W4,-,-,AlphaBow,-,-,x,-,0,88500,x,,,
Facility,-,F26503, 00/14-08-036-07W4,-,-,AlphaBow,-,-,x,-,0,0,x,,,
Facility,-,F26504, 00/07-08-036-07W4,-,-,AlphaBow,-,-,x,-,0,0,x,,,
Facility,-,F26562, 00/12-15-031-15W4,-,-,AlphaBow,-,-,x,-,0,167500,x,,,
Facility,-,F26791, 00/01-24-037-08W4,-,-,AlphaBow,-,-,x,-,0,0,x,,,
Facility,-,F27199, 00/11-22-051-14W4,-,-,AlphaBow,-,-,x,-,0,221250,x,,,
Facility,-,F27362, 00/07-34-052-14W4,-,-,AlphaBow,-,-,x,-,0,221250,x,,,
Facility,-,F27468, 00/04-15-040-07W4,-,-,AlphaBow,-,-,x,-,0,0,x,,,
Facility,-,F27469, 00/16-09-040-07W4,-,-,AlphaBow,-,-,x,-,0,0,x,,,
Facility,-,F27534, 00/13-35-040-12W4,-,-,AlphaBow,-,-,x,-,0,0,x,,,
Facility,-,F27622, 00/15-33-031-10W4,-,-,AlphaBow,-,-,x,-,0,167500,x,,,
Facility,-,F27645, 00/14-23-040-10W4,-,-,AlphaBow,-,-,x,-,0,0,x,,,
Facility,-,F27928, 02/02-17-011-10W4,-,-,AlphaBow,-,-,x,-,0,0,x,,,
Facility,-,F27961, 00/11-06-052-13W4,-,-,AlphaBow,-,-,x,-,0,136250,x,,,
Facility,-,F283, 00/08-02-008-19W4,-,-,AlphaBow,-,-,x,-,0,211250,x,,,
Facility,-,F28306, 00/05-17-055-03W6,-,-,AlphaBow,-,-,x,-,0,0,x,,,
Facility,-,F28821, 00/10-35-040-12W4,-,-,AlphaBow,-,-,x,-,0,0,x,,,
Facility,-,F28822, 02/10-35-040-12W4,-,-,AlphaBow,-,-,x,-,0,0,x,,,
Facility,-,F28823, 00/12-35-040-12W4,-,-,AlphaBow,-,-,x,-,0,0,x,,,
Facility,-,F29045, 00/06-35-040-12W4,-,-,AlphaBow,-,-,x,-,0,136250,x,,,
Facility,-,F29046, 00/11-35-040-12W4,-,-,AlphaBow,-,-,x,-,0,0,x,,,
Facility,-,F29261, 02/09-16-052-07W4,-,-,AlphaBow,-,-,x,-,0,136250,x,,,
Facility,-,F29262, 02/06-33-052-14W4,-,-,AlphaBow,-,-,x,-,0,221250,x,,,
Facility,-,F29358, 02/13-35-040-12W4,-,-,AlphaBow,-,-,x,-,0,136250,x,,,
Facility,-,F29391, 00/07-02-032-14W4,-,-,AlphaBow,-,-,x,-,0,167500,x,,,
Facility,-,F29474, 00/06-03-043-28W4,-,-,AlphaBow,-,-,x,-,0,0,x,,,
Facility,-,F29801, 00/01-17-036-07W4,-,-,AlphaBow,-,-,x,-,0,0,x,,,
Facility,-,F29856, 03/10-35-040-12W4,-,-,AlphaBow,-,-,x,-,0,136250,x,,,
Facility,-,F29885, 00/01-24-055-04W6,-,-,AlphaBow,-,-,x,-,0,0,x,,,
Facility,-,F29934, 00/15-17-040-07W4,-,-,AlphaBow,-,-,x,-,0,0,x,,,
Facility,-,F30037, 02/11-35-040-12W4,-,-,AlphaBow,-,-,x,-,0,0,x,,,
Facility,-,F30038, 00/14-18-033-11W4,-,-,AlphaBow,-,-,x,-,0,0,x,,,
Facility,-,F30039, 00/06-08-034-11W4,-,-,AlphaBow,-,-,x,-,0,0,x,,,
Facility,-,F30071, 00/08-18-033-11W4,-,-,AlphaBow,-,-,x,-,0,0,x,,,
Facility,-,F30077, 00/16-24-033-12W4,-,-,AlphaBow,-,-,x,-,0,0,x,,,
Facility,-,F30089, 00/07-36-033-12W4,-,-,AlphaBow,-,-,x,-,0,0,x,,,
Facility,-,F30243, 00/10-13-034-12W4,-,-,AlphaBow,-,-,x,-,0,0,x,,,
Facility,-,F30338, 03/11-35-040-12W4,-,-,AlphaBow,-,-,x,-,0,88500,x,,,
Facility,-,F30351, 00/03-06-063-13W4,-,-,AlphaBow,-,-,x,-,0,204375,x,,,
Facility,-,F30352, 00/10-02-064-14W4,-,-,AlphaBow,-,-,x,-,0,0,x,,,
Facility,-,F30522, 00/14-03-043-28W4,-,-,AlphaBow,-,-,x,-,0,221250,x,,,
Facility,-,F30540, 00/13-28-040-12W4,-,-,AlphaBow,-,-,x,-,0,88500,x,,,
Facility,-,F30555, 00/08-21-050-12W4,-,-,AlphaBow,-,-,x,-,0,221250,x,,,
Facility,-,F31434, 00/13-27-057-16W4,-,-,AlphaBow,-,-,x,-,0,221250,x,,,
Facility,-,F31452, 00/06-24-005-19W4,-,-,AlphaBow,-,-,x,-,0,0,x,,,
Facility,-,F31454, 00/06-35-005-19W4,-,-,AlphaBow,-,-,x,-,0,0,x,,,
Facility,-,F31646, 02/09-25-064-14W4,-,-,AlphaBow,-,-,x,-,0,204375,x,,,
Facility,-,F31778, 00/14-24-040-13W4,-,-,AlphaBow,-,-,x,-,0,0,x,,,
Facility,-,F31912, 00/16-29-013-12W4,-,-,AlphaBow,-,-,x,-,0,167500,x,,,
Facility,-,F32202, 00/12-25-042-15W4,-,-,AlphaBow,-,-,x,-,0,0,x,,,
Facility,-,F32496, 00/13-21-040-07W4,-,-,AlphaBow,-,-,x,-,0,0,x,,,
Facility,-,F32498, 00/10-20-040-07W4,-,-,AlphaBow,-,-,x,-,0,0,x,,,
Facility,-,F32499, 00/16-19-040-07W4,-,-,AlphaBow,-,-,x,-,0,0,x,,,
Facility,-,F32562, 00/09-09-034-10W4,-,-,AlphaBow,-,-,x,-,0,0,x,,,
Facility,-,F32563, 00/16-11-034-10W4,-,-,AlphaBow,-,-,x,-,0,0,x,,,
Facility,-,F32564, 00/06-12-034-11W4,-,-,AlphaBow,-,-,x,-,0,0,x,,,
Facility,-,F32565, 00/16-07-034-10W4,-,-,AlphaBow,-,-,x,-,0,0,x,,,
Facility,-,F32784, 02/05-28-040-10W4,-,-,AlphaBow,-,-,x,-,0,0,x,,,
Facility,-,F32786, 00/08-29-040-10W4,-,-,AlphaBow,-,-,x,-,0,442500,x,,,
Facility,-,F32801, 00/07-29-005-18W4,-,-,AlphaBow,-,-,x,-,0,211250,x,,,
Facility,-,F32954, 00/08-04-033-10W4,-,-,AlphaBow,-,-,x,-,0,0,x,,,
Facility,-,F32969, 00/01-11-041-15W4,-,-,AlphaBow,-,-,x,-,0,0,x,,,
Facility,-,F32979, 00/08-02-041-15W4,-,-,AlphaBow,-,-,x,-,0,0,x,,,
Facility,-,F33060, 00/11-30-042-15W4,-,-,AlphaBow,-,-,x,-,0,0,x,,,
Facility,-,F33062, 00/08-05-043-15W4,-,-,AlphaBow,-,-,x,-,0,0,x,,,
Facility,-,F33433, 00/16-34-039-17W4,-,-,AlphaBow,-,-,x,-,0,0,x,,,
Facility,-,F33661, 00/10-27-032-11W4,-,-,AlphaBow,-,-,x,-,0,167500,x,,,
Facility,-,F33789, 00/05-30-039-25W4,-,-,AlphaBow,-,-,x,-,0,885000,x,,,
Facility,-,F34085, 00/05-11-007-20W4,-,-,AlphaBow,-,-,x,-,0,126250,x,,,
Facility,-,F34092, 00/03-04-039-25W4,-,-,AlphaBow,-,-,x,-,0,221250,x,,,
Facility,-,F34176, 00/04-33-051-13W4,-,-,AlphaBow,-,-,x,-,0,0,x,,,
Facility,-,F34758, 02/06-36-049-14W4,-,-,AlphaBow,-,-,x,-,0,221250,x,,,
Facility,-,F34824, 00/13-23-056-16W4,-,-,AlphaBow,-,-,x,-,0,221250,x,,,
Facility,-,F35156, 00/11-36-042-16W4,-,-,AlphaBow,-,-,x,-,0,0,x,,,
Facility,-,F35320, 00/14-28-042-15W4,-,-,AlphaBow,-,-,x,-,0,0,x,,,
Facility,-,F35490, 00/05-34-040-13W4,-,-,AlphaBow,-,-,x,-,0,0,x,,,
Facility,-,F35960, 00/11-36-062-15W4,-,-,AlphaBow,-,-,x,-,0,0,x,,,
Facility,-,F36091, 00/06-20-055-18W4,-,-,AlphaBow,-,-,x,-,0,0,x,,,
Facility,-,F36291, 00/16-07-043-15W4,-,-,AlphaBow,-,-,x,-,0,0,x,,,
Facility,-,F36292, 00/08-13-043-16W4,-,-,AlphaBow,-,-,x,-,0,0,x,,,
Facility,-,F36378, 00/13-02-041-15W4,-,-,AlphaBow,-,-,x,-,0,0,x,,,
Facility,-,F37104, 00/03-02-041-15W4,-,-,AlphaBow,-,-,x,-,0,0,x,,,
Facility,-,F37129, 00/06-33-040-11W4,-,-,AlphaBow,-,-,x,-,0,88500,x,,,
Facility,-,F37406, 00/06-23-031-14W4,-,-,AlphaBow,-,-,x,-,0,0,x,,,
Facility,-,F37412, 00/06-13-031-14W4,-,-,AlphaBow,-,-,x,-,0,0,x,,,
Facility,-,F37414, 00/05-34-042-14W4,-,-,AlphaBow,-,-,x,-,0,0,x,,,
Facility,-,F37415, 00/14-12-031-14W4,-,-,AlphaBow,-,-,x,-,0,0,x,,,
Facility,-,F37473, 00/09-09-041-11W4,-,-,AlphaBow,-,-,x,-,0,0,x,,,
Facility,-,F3774, 00/08-08-028-11W4,-,-,AlphaBow,-,-,x,-,0,167500,x,,,
Facility,-,F37849, 02/14-20-040-12W4,-,-,AlphaBow,-,-,x,-,0,442500,x,,,
Facility,-,F37865, 02/03-02-041-15W4,-,-,AlphaBow,-,-,x,-,0,0,x,,,
Facility,-,F37938, 00/04-04-043-15W4,-,-,AlphaBow,-,-,x,-,0,0,x,,,
Facility,-,F38024, 00/14-02-041-15W4,-,-,AlphaBow,-,-,x,-,0,0,x,,,
Facility,-,F38040, 00/13-25-037-07W4,-,-,AlphaBow,-,-,x,-,0,0,x,,,
Facility,-,F38113, 00/06-06-042-15W4,-,-,AlphaBow,-,-,x,-,0,0,x,,,
Facility,-,F38140, 00/08-35-042-16W4,-,-,AlphaBow,-,-,x,-,0,0,x,,,
Facility,-,F38199, 00/06-09-031-25W4,-,-,AlphaBow,-,-,x,-,0,221250,x,,,
Facility,-,F38221, 00/12-15-042-15W4,-,-,AlphaBow,-,-,x,-,0,0,x,,,
Facility,-,F38271, 00/01-29-041-14W4,-,-,AlphaBow,-,-,x,-,0,0,x,,,
Facility,-,F38418, 00/12-34-042-14W4,-,-,AlphaBow,-,-,x,-,0,442500,x,,,
Facility,-,F38434, 00/02-34-042-14W4,-,-,AlphaBow,-,-,x,-,0,0,x,,,
Facility,-,F38435, 00/15-34-042-14W4,-,-,AlphaBow,-,-,x,-,0,0,x,,,
Facility,-,F38595, 00/07-05-031-09W4,-,-,AlphaBow,-,-,x,-,0,0,x,,,
Facility,-,F38774, 00/12-01-043-28W4,-,-,AlphaBow,-,-,x,-,0,0,x,,,
Facility,-,F39123, 00/08-04-043-28W4,-,-,AlphaBow,-,-,x,-,0,88500,x,,,
Facility,-,F39237, 00/01-28-040-13W4,-,-,AlphaBow,-,-,x,-,0,0,x,,,
Facility,-,F39350, 00/14-20-041-12W4,-,-,AlphaBow,-,-,x,-,0,0,x,,,
Facility,-,F39414, 00/06-05-041-12W4,-,-,AlphaBow,-,-,x,-,0,0,x,,,
Facility,-,F39421, 00/04-16-040-14W4,-,-,AlphaBow,-,-,x,-,0,442500,x,,,
Facility,-,F39593, 00/13-34-040-13W4,-,-,AlphaBow,-,-,x,-,0,0,x,,,
Facility,-,F39725, 00/06-21-007-19W4,-,-,AlphaBow,-,-,x,-,0,211250,x,,,
Facility,-,F39735, 00/04-22-040-10W4,-,-,AlphaBow,-,-,x,-,0,88500,x,,,
Facility,-,F39773, 00/01-28-058-16W4,-,-,AlphaBow,-,-,x,-,0,0,x,,,
Facility,-,F39798, 00/08-12-043-15W4,-,-,AlphaBow,-,-,x,-,0,0,x,,,
Facility,-,F39840, 00/07-12-051-16W4,-,-,AlphaBow,-,-,x,-,0,0,x,,,
Facility,-,F39857, 00/15-30-051-15W4,-,-,AlphaBow,-,-,x,-,0,0,x,,,
Facility,-,F39915, 00/10-13-040-10W4,-,-,AlphaBow,-,-,x,-,0,0,x,,,
Facility,-,F39916, 00/13-27-041-15W4,-,-,AlphaBow,-,-,x,-,0,0,x,,,
Facility,-,F40254, 00/15-22-040-10W4,-,-,AlphaBow,-,-,x,-,0,272500,x,,,
Facility,-,F40486, 00/01-08-065-13W4,-,-,AlphaBow,-,-,x,-,0,0,x,,,
Facility,-,F40664, 00/12-33-040-07W4,-,-,AlphaBow,-,-,x,-,0,88500,x,,,
Facility,-,F40673, 00/11-34-042-14W4,-,-,AlphaBow,-,-,x,-,0,0,x,,,
Facility,-,F40730, 00/04-15-008-20W4,-,-,AlphaBow,-,-,x,-,0,211250,x,,,
Facility,-,F40735, 00/11-14-056-16W4,-,-,AlphaBow,-,-,x,-,0,0,x,,,
Facility,-,F40748, 00/06-22-064-13W4,-,-,AlphaBow,-,-,x,-,0,0,x,,,
Facility,-,F40763, 00/08-21-051-13W4,-,-,AlphaBow,-,-,x,-,0,0,x,,,
Facility,-,F40860, 00/10-12-041-15W4,-,-,AlphaBow,-,-,x,-,0,0,x,,,
Facility,-,F40869, 00/16-18-041-15W4,-,-,AlphaBow,-,-,x,-,0,0,x,,,
Facility,-,F40870, 00/03-16-041-15W4,-,-,AlphaBow,-,-,x,-,0,0,x,,,
Facility,-,F40878, 00/12-29-040-12W4,-,-,AlphaBow,-,-,x,-,0,0,x,,,
Facility,-,F41245, 00/02-02-041-15W4,-,-,AlphaBow,-,-,x,-,0,0,x,,,
Facility,-,F41786, 00/16-27-040-13W4,-,-,AlphaBow,-,-,x,-,0,0,x,,,
Facility,-,F4191, 00/06-01-031-14W4,-,-,AlphaBow,-,-,x,-,0,1443546,x,,,
Facility,-,F42047, 00/01-23-039-08W4,-,-,AlphaBow,-,-,x,-,0,0,x,,,
Facility,-,F42065, 02/13-24-039-08W4,-,-,AlphaBow,-,-,x,-,0,0,x,,,
Facility,-,F42066, 04/16-23-039-08W4,-,-,AlphaBow,-,-,x,-,0,0,x,,,
Facility,-,F42069, 02/11-34-042-14W4,-,-,AlphaBow,-,-,x,-,0,0,x,,,
Facility,-,F42139, 00/11-05-033-10W4,-,-,AlphaBow,-,-,x,-,0,0,x,,,
Facility,-,F42170, 00/01-22-040-10W4,-,-,AlphaBow,-,-,x,-,0,88500,x,,,
Facility,-,F42174, 00/15-05-040-12W4,-,-,AlphaBow,-,-,x,-,0,88500,x,,,
Facility,-,F42178, 00/07-04-040-12W4,-,-,AlphaBow,-,-,x,-,0,88500,x,,,
Facility,-,F42186, 00/06-06-063-13W4,-,-,AlphaBow,-,-,x,-,0,0,x,,,
Facility,-,F42189, 00/06-30-064-13W4,-,-,AlphaBow,-,-,x,-,0,0,x,,,
Facility,-,F42192, 00/08-13-064-14W4,-,-,AlphaBow,-,-,x,-,0,0,x,,,
Facility,-,F42195, 00/14-25-064-14W4,-,-,AlphaBow,-,-,x,-,0,0,x,,,
Facility,-,F42196, 00/08-02-065-14W4,-,-,AlphaBow,-,-,x,-,0,0,x,,,
Facility,-,F42197, 00/08-14-064-14W4,-,-,AlphaBow,-,-,x,-,0,0,x,,,
Facility,-,F42209, 00/03-12-065-14W4,-,-,AlphaBow,-,-,x,-,0,0,x,,,
Facility,-,F42219, 00/07-15-065-13W4,-,-,AlphaBow,-,-,x,-,0,0,x,,,
Facility,-,F42221, 00/04-21-064-14W4,-,-,AlphaBow,-,-,x,-,0,0,x,,,
Facility,-,F42231, 00/11-01-065-14W4,-,-,AlphaBow,-,-,x,-,0,0,x,,,
Facility,-,F42232, 00/16-27-065-15W4,-,-,AlphaBow,-,-,x,-,0,0,x,,,
Facility,-,F42237, 00/12-01-065-14W4,-,-,AlphaBow,-,-,x,-,0,0,x,,,
Facility,-,F42382, 00/10-35-062-14W4,-,-,AlphaBow,-,-,x,-,0,0,x,,,
Facility,-,F42383, 00/09-15-063-14W4,-,-,AlphaBow,-,-,x,-,0,0,x,,,
Facility,-,F42384, 00/05-27-065-13W4,-,-,AlphaBow,-,-,x,-,0,0,x,,,
Facility,-,F42385, 00/11-31-064-13W4,-,-,AlphaBow,-,-,x,-,0,0,x,,,
Facility,-,F42386, 00/15-06-065-13W4,-,-,AlphaBow,-,-,x,-,0,0,x,,,
Facility,-,F42387, 00/06-34-063-14W4,-,-,AlphaBow,-,-,x,-,0,0,x,,,
Facility,-,F42388, 00/12-36-062-14W4,-,-,AlphaBow,-,-,x,-,0,0,x,,,
Facility,-,F42389, 00/07-35-063-14W4,-,-,AlphaBow,-,-,x,-,0,0,x,,,
Facility,-,F42390, 00/16-31-062-14W4,-,-,AlphaBow,-,-,x,-,0,0,x,,,
Facility,-,F42391, 00/12-36-063-14W4,-,-,AlphaBow,-,-,x,-,0,0,x,,,
Facility,-,F42392, 00/12-19-064-13W4,-,-,AlphaBow,-,-,x,-,0,0,x,,,
Facility,-,F42393, 00/03-02-063-14W4,-,-,AlphaBow,-,-,x,-,0,0,x,,,
Facility,-,F42394, 00/15-03-063-14W4,-,-,AlphaBow,-,-,x,-,0,0,x,,,
Facility,-,F42395, 00/13-13-064-15W4,-,-,AlphaBow,-,-,x,-,0,0,x,,,
Facility,-,F42396, 00/12-08-065-13W4,-,-,AlphaBow,-,-,x,-,0,0,x,,,
Facility,-,F42397, 00/02-27-065-15W4,-,-,AlphaBow,-,-,x,-,0,0,x,,,
Facility,-,F42398, 00/10-03-064-14W4,-,-,AlphaBow,-,-,x,-,0,0,x,,,
Facility,-,F42399, 02/13-13-064-15W4,-,-,AlphaBow,-,-,x,-,0,0,x,,,
Facility,-,F42403, 00/04-31-064-13W4,-,-,AlphaBow,-,-,x,-,0,0,x,,,
Facility,-,F42404, 00/03-07-065-13W4,-,-,AlphaBow,-,-,x,-,0,0,x,,,
Facility,-,F42412, 00/14-24-043-16W4,-,-,AlphaBow,-,-,x,-,0,0,x,,,
Facility,-,F42894, 00/08-19-024-19W4,-,-,AlphaBow,-,-,x,-,0,0,x,,,
Facility,-,F43004, 00/10-28-039-12W4,-,-,AlphaBow,-,-,x,-,0,0,x,,,
Facility,-,F4364, 00/02-04-032-24W4,-,-,AlphaBow,-,-,x,-,0,0,x,,,
Facility,-,F44667, 00/07-09-040-14W4,-,-,AlphaBow,-,-,x,-,0,0,x,,,
Facility,-,F44895, 00/07-21-034-11W4,-,-,AlphaBow,-,-,x,-,0,0,x,,,
Facility,-,F45334, 00/06-33-040-13W4,-,-,AlphaBow,-,-,x,-,0,0,x,,,
Facility,-,F45965, 02/01-17-040-13W4,-,-,AlphaBow,-,-,x,-,0,0,x,,,
Facility,-,F46308, 00/02-27-031-17W4,-,-,AlphaBow,-,-,x,-,0,0,x,,,
Facility,-,F46809, 00/07-03-035-10W4,-,-,AlphaBow,-,-,x,-,0,0,x,,,
Facility,-,F4683, 00/08-01-034-12W4,-,-,AlphaBow,-,-,x,-,0,167500,x,,,
Facility,-,F4686, 02/05-11-034-12W4,-,-,AlphaBow,-,-,x,-,0,601367,x,,,
Facility,-,F503, 00/12-05-010-19W4,-,-,AlphaBow,-,-,x,-,0,211250,x,,,
Facility,-,F515, 00/08-02-010-21W4,-,-,AlphaBow,-,-,x,-,0,126250,x,,,
Facility,-,F5411, 00/09-09-036-06W4,-,-,AlphaBow,-,-,x,-,0,0,x,,,
Facility,-,F5413, 00/16-09-036-06W4,-,-,AlphaBow,-,-,x,-,0,0,x,,,
Facility,-,F5460, 00/09-16-036-07W4,-,-,AlphaBow,-,-,x,-,0,67000,x,,,
Facility,-,F5493, 00/01-30-036-07W4,-,-,AlphaBow,-,-,x,-,0,335000,x,,,
Facility,-,F5503, 00/04-31-036-07W4,-,-,AlphaBow,-,-,x,-,0,0,x,,,
Facility,-,F5624, 00/16-19-036-21W4,-,-,AlphaBow,-,-,x,-,0,0,x,,,
Facility,-,F5636, 00/09-36-036-25W4,-,-,AlphaBow,-,-,x,-,0,221250,x,,,
Facility,-,F6102, 00/16-22-037-25W4,-,-,AlphaBow,-,-,x,-,0,136250,x,,,
Facility,-,F6104, 00/01-27-037-25W4,-,-,AlphaBow,-,-,x,-,0,0,x,,,
Facility,-,F6434, 00/13-19-038-08W4,-,-,AlphaBow,-,-,x,-,0,0,x,,,
Facility,-,F6608, 00/09-21-038-23W4,-,-,AlphaBow,-,-,x,-,0,0,x,,,
Facility,-,F6998, 00/11-01-039-08W4,-,-,AlphaBow,-,-,x,-,0,0,x,,,
Facility,-,F6999, 00/15-01-039-08W4,-,-,AlphaBow,-,-,x,-,0,0,x,,,
Facility,-,F7000, 00/16-01-039-08W4,-,-,AlphaBow,-,-,x,-,0,0,x,,,
Facility,-,F7039, 00/07-23-039-08W4,-,-,AlphaBow,-,-,x,-,0,0,x,,,
Facility,-,F7045, 00/10-23-039-08W4,-,-,AlphaBow,-,-,x,-,0,0,x,,,
Facility,-,F7046, 00/16-23-039-08W4,-,-,AlphaBow,-,-,x,-,0,0,x,,,
Facility,-,F7137, 00/06-33-039-13W4,-,-,AlphaBow,-,-,x,-,0,0,x,,,
Facility,-,F7521, 00/06-30-040-01W4,-,-,AlphaBow,-,-,x,-,0,136250,x,,,
Facility,-,F7523, 00/14-30-040-01W4,-,-,AlphaBow,-,-,x,-,0,54500,x,,,
Facility,-,F7755, 00/09-20-040-07W4,-,-,AlphaBow,-,-,x,-,0,88500,x,,,
Facility,-,F7757, 00/07-21-040-07W4,-,-,AlphaBow,-,-,x,-,0,442500,x,,,
Facility,-,F7768, 00/06-27-040-07W4,-,-,AlphaBow,-,-,x,-,0,88500,x,,,
Facility,-,F7771, 00/13-27-040-07W4,-,-,AlphaBow,-,-,x,-,0,1770000,x,,,
Facility,-,F7773, 00/15-28-040-07W4,-,-,AlphaBow,-,-,x,-,0,88500,x,,,
Facility,-,F7774, 00/01-33-040-07W4,-,-,AlphaBow,-,-,x,-,0,88500,x,,,
Facility,-,F7867, 00/06-16-040-10W4,-,-,AlphaBow,-,-,x,-,0,88500,x,,,
Facility,-,F7887, 00/05-23-040-10W4,-,-,AlphaBow,-,-,x,-,0,88500,x,,,
Facility,-,F7889, 00/04-27-040-10W4,-,-,AlphaBow,-,-,x,-,0,442500,x,,,
Facility,-,F7892, 00/05-28-040-10W4,-,-,AlphaBow,-,-,x,-,0,0,x,,,
Facility,-,F7895, 00/13-30-040-10W4,-,-,AlphaBow,-,-,x,-,0,545000,x,,,
Facility,-,F7896, 00/13-30-040-10W4,-,-,AlphaBow,-,-,x,-,0,1546623.26,x,,,
Facility,-,F7912, 00/02-32-040-11W4,-,-,AlphaBow,-,-,x,-,0,885000,x,,,
Facility,-,F7913, 00/08-32-040-11W4,-,-,AlphaBow,-,-,x,-,0,88500,x,,,
Facility,-,F7965, 00/08-04-040-12W4,-,-,AlphaBow,-,-,x,-,0,54500,x,,,
Facility,-,F7970, 00/07-07-040-12W4,-,-,AlphaBow,-,-,x,-,0,88500,x,,,
Facility,-,F7973, 00/06-08-040-12W4,-,-,AlphaBow,-,-,x,-,0,88500,x,,,
Facility,-,F7979, 00/06-09-040-12W4,-,-,AlphaBow,-,-,x,-,0,88500,x,,,
Facility,-,F7981, 00/11-09-040-12W4,-,-,AlphaBow,-,-,x,-,0,88500,x,,,
Facility,-,F7983, 00/13-09-040-12W4,-,-,AlphaBow,-,-,x,-,0,54500,x,,,
Facility,-,F7989, 00/04-16-040-12W4,-,-,AlphaBow,-,-,x,-,0,885000,x,,,
Facility,-,F7992, 00/02-17-040-12W4,-,-,AlphaBow,-,-,x,-,0,88500,x,,,
Facility,-,F7999, 00/03-17-040-12W4,-,-,AlphaBow,-,-,x,-,0,88500,x,,,
Facility,-,F8001, 00/07-19-040-12W4,-,-,AlphaBow,-,-,x,-,0,88500,x,,,
Facility,-,F8065, 00/11-24-040-13W4,-,-,AlphaBow,-,-,x,-,0,88500,x,,,
Facility,-,F8297, 00/12-03-041-01W4,-,-,AlphaBow,-,-,x,-,0,1090000,x,,,
Facility,-,F8365, 00/10-24-041-02W4,-,-,AlphaBow,-,-,x,-,0,0,x,,,
Facility,-,F8368, 00/01-25-041-02W4,-,-,AlphaBow,-,-,x,-,0,0,x,,,
Facility,-,F8452, 00/16-10-041-08W4,-,-,AlphaBow,-,-,x,-,0,0,x,,,
Facility,-,F8572, 00/09-14-041-13W4,-,-,AlphaBow,-,-,x,-,0,0,x,,,
Facility,-,F8615, 00/16-18-041-14W4,-,-,AlphaBow,-,-,x,-,0,0,x,,,
Facility,-,F8669, 00/01-14-041-15W4,-,-,AlphaBow,-,-,x,-,0,1700069.61,x,,,
Facility,-,F8741, 00/14-19-041-24W4,-,-,AlphaBow,-,-,x,-,0,0,x,,,
Facility,-,F8744, 00/11-02-041-25W4,-,-,AlphaBow,-,-,x,-,0,0,x,,,
Facility,-,F8746, 00/11-03-041-25W4,-,-,AlphaBow,-,-,x,-,0,0,x,,,
Facility,-,F8747, 00/04-04-041-25W4,-,-,AlphaBow,-,-,x,-,0,0,x,,,
Facility,-,F8748, 00/08-05-041-25W4,-,-,AlphaBow,-,-,x,-,0,0,x,,,
Facility,-,F8750, 02/08-05-041-25W4,-,-,AlphaBow,-,-,x,-,0,88500,x,,,
Facility,-,F8751, 00/14-05-041-25W4,-,-,AlphaBow,-,-,x,-,0,88500,x,,,
Facility,-,F8752, 00/10-10-041-25W4,-,-,AlphaBow,-,-,x,-,0,0,x,,,
Facility,-,F8758, 02/05-22-041-25W4,-,-,AlphaBow,-,-,x,-,0,442500,x,,,
Facility,-,F8759, 03/05-22-041-25W4,-,-,AlphaBow,-,-,x,-,0,0,x,,,
Facility,-,F8761, 00/11-22-041-25W4,-,-,AlphaBow,-,-,x,-,0,88500,x,,,
Facility,-,F8763, 00/15-22-041-25W4,-,-,AlphaBow,-,-,x,-,0,88500,x,,,
Facility,-,F8764, 00/16-23-041-25W4,-,-,AlphaBow,-,-,x,-,0,0,x,,,
Facility,-,F9023, 00/06-18-042-25W4,-,-,AlphaBow,-,-,x,-,0,88500,x,,,
Facility,-,F9026, 00/14-13-042-26W4,-,-,AlphaBow,-,-,x,-,0,643570,x,,,
Facility,-,F9027, 00/08-24-042-26W4,-,-,AlphaBow,-,-,x,-,0,0,x,,,
Facility,-,F9028, 00/06-25-042-26W4,-,-,AlphaBow,-,-,x,-,0,88500,x,,,
Facility,-,F9029, 00/14-26-042-26W4,-,-,AlphaBow,-,-,x,-,0,88500,x,,,
Facility,-,F9030, 00/16-34-042-26W4,-,-,AlphaBow,-,-,x,-,0,88500,x,,,
Facility,-,F9249, 00/14-18-043-22W4,-,-,AlphaBow,-,-,x,-,0,221250,x,,,
Facility,-,F9287, 00/16-02-043-26W4,-,-,AlphaBow,-,-,x,-,0,88500,x,,,
Facility,-,F9290, 00/16-32-043-26W4,-,-,AlphaBow,-,-,x,-,0,0,x,,,
Facility,-,F14191,-,,,-,-,,-,-,0,0,x,,,
,,,,,,,,,,,,,,,,
,,,,,,,,,,,,,,,,
,,,,,,,,,,,,,,,,
,,,,,,,,,,,,,,,,
,,,,,,,,,,,,,,,,
,,,,,,,,,,,,5952409,,,,
Facility,-,F12830, 00/07-04-055-18W5,-,-,AlphaBow,-,-,x,-,0,92500,,x,,
Facility,-,F12832, 02/12-09-055-18W5,-,-,AlphaBow,-,-,x,-,0,462500,,x,,
Facility,-,F13118, 00/07-10-056-19W5,-,-,AlphaBow,-,-,x,-,0,0,,x,,
Facility,-,F13120, 00/03-21-056-19W5,-,-,AlphaBow,-,-,x,-,0,92500,,x,,
Facility,-,F13122, 00/02-29-056-19W5,-,-,AlphaBow,-,-,x,-,0,92500,,x,,
Facility,-,F13124, 00/06-13-056-20W5,-,-,AlphaBow,-,-,x,-,0,146250,,x,,
Facility,-,F14189, 00/10-05-064-19W5,-,-,AlphaBow,-,-,x,-,0,170000,,x,,
Facility,-,F21547, 00/10-07-064-18W5,-,-,AlphaBow,-,-,x,-,0,255000,,x,,
Facility,-,F22787, 00/10-17-064-19W5,-,-,AlphaBow,-,-,x,-,0,0,,x,,
Facility,-,F22949, 00/07-15-055-18W5,-,-,AlphaBow,-,-,x,-,0,0,,x,,
Facility,-,F22966, 00/04-12-064-19W5,-,-,AlphaBow,-,-,x,-,0,170000,,x,,
Facility,-,F25267, 00/01-11-057-20W5,-,-,AlphaBow,-,-,x,-,0,146250,,x,,
Facility,-,F25268, 00/04-30-055-18W5,-,-,AlphaBow,-,-,x,-,0,0,,x,,
Facility,-,F25956, 00/06-18-059-14W5,-,-,AlphaBow,-,-,x,-,0,146250,,x,,
Facility,-,F26329, 00/16-01-029-17W4,-,-,AlphaBow,-,-,x,-,0,126250,,x,,
Facility,-,F27375, 00/06-20-057-18W5,-,-,AlphaBow,-,-,x,-,0,231250,,x,,
Facility,-,F27920, 00/06-19-059-14W5,-,-,AlphaBow,-,-,x,-,0,231250,,x,,
Facility,-,F29356, 00/03-22-059-18W5,-,-,AlphaBow,-,-,x,-,0,146250,,x,,
Facility,-,F31966, 00/07-16-064-20W5,-,-,AlphaBow,-,-,x,-,0,255000,,x,,
Facility,-,F34338, 00/10-09-060-21W5,-,-,AlphaBow,-,-,x,-,0,0,,x,,
Facility,-,F34687, 00/16-07-029-18W4,-,-,AlphaBow,-,-,x,-,0,84500,,x,,
Facility,-,F34688, 00/01-07-029-18W4,-,-,AlphaBow,-,-,x,-,0,84500,,x,,
Facility,-,F34914, 00/07-08-060-21W5,-,-,AlphaBow,-,-,x,-,0,0,,x,,
Facility,-,F34946, 00/14-04-060-21W5,-,-,AlphaBow,-,-,x,-,0,0,,x,,
Facility,-,F35232, 00/12-07-029-18W4,-,-,AlphaBow,-,-,x,-,0,0,,x,,
Facility,-,F37186, 00/01-13-061-21W5,-,-,AlphaBow,-,-,x,-,0,462500,,x,,
Facility,-,F37517, 00/11-08-029-17W4,-,-,AlphaBow,-,-,x,-,0,0,,x,,
Facility,-,F37632, 02/15-33-040-01W4,-,-,AlphaBow,-,-,x,-,0,88500,,x,,
Facility,-,F3891, 00/13-36-029-16W4,-,-,AlphaBow,-,-,x,-,0,211250,,x,,
Facility,-,F3892, 00/08-07-029-18W4,-,-,AlphaBow,-,-,x,-,0,641045,,x,,
Facility,-,F3893, 02/08-07-029-18W4,-,-,AlphaBow,-,-,x,-,0,211250,,x,,
Facility,-,F40605, 00/03-22-057-20W5,-,-,AlphaBow,-,-,x,-,0,0,,x,,
Facility,-,F41481, 00/01-33-057-20W5,-,-,AlphaBow,-,-,x,-,0,0,,x,,
Facility,-,F6609, 02/09-21-038-23W4,-,-,AlphaBow,-,-,x,-,0,343114,,x,,
Facility,-,F7489, 00/13-27-040-01W4,-,-,AlphaBow,-,-,x,-,0,88500,,x,,
Facility,-,F7510, 00/12-28-040-01W4,-,-,AlphaBow,-,-,x,-,0,885000,,x,,
Facility,-,F7530, 00/06-33-040-01W4,-,-,AlphaBow,-,-,x,-,0,88500,,x,,
